id,hostname,version,datasets,hyper_params,note
a215c521f81745ddaee209613a062116,jiab760gubuntu2004,dev_imudb_2024-08-02T07:26:01.141647-07:00,euroc_imudb,logs_jiab760gubuntu2004/euroc_imudb/dev_imudb_2024-08-02T07:26:01.141647-07:00/hparams.yaml,bug fix use raw and pred for nsp, weight denoise loss with 10
d2c9736485074b908239c77456f0259a,jiab760gubuntu2004,dev_imudb_2024-08-02T07:33:37.715939-07:00,euroc_imudb,logs_jiab760gubuntu2004/euroc_imudb/dev_imudb_2024-08-02T07:33:37.715939-07:00/hparams.yaml,bug fix use raw and pred for nsp, weight denoise loss with 10
77c2f610d2324bea9c5c9cee5a1dcba7,jiab760gubuntu2004,dev_imudb_2024-08-02T07:36:41.847747-07:00,euroc_imudb,logs_jiab760gubuntu2004/euroc_imudb/dev_imudb_2024-08-02T07:36:41.847747-07:00/hparams.yaml,bug fix use raw and pred for nsp, weight denoise loss with 10
8ae4b48273b7412a8f04b76f661a76ba,jiab760gubuntu2004,dev_imudb_2024-08-06T07:14:11.129834-07:00,euroc_imudb,logs_jiab760gubuntu2004/euroc_imudb/dev_imudb_2024-08-06T07:14:11.129834-07:00/hparams.yaml,bug fix use raw and pred for nsp, weight denoise loss with 10
2b75a2194fc94d35afd2bbc2d9cb5f9d,jiab760gubuntu2004,dev_imudb_2024-08-06T07:21:12.479529-07:00,euroc_imudb,logs_jiab760gubuntu2004/euroc_imudb/dev_imudb_2024-08-06T07:21:12.479529-07:00/hparams.yaml,bug fix use raw and pred for nsp, weight denoise loss with 10
17f2cc713c904a2ead05bbd4b8cb3793,jiab760gubuntu2004,dev_imudb_2024-08-07T08:46:40.284296-07:00,euroc_imudb,logs_jiab760gubuntu2004/euroc_imudb/dev_imudb_2024-08-07T08:46:40.284296-07:00/hparams.yaml,bug fix use raw and pred for nsp, weight denoise loss with 10
3ea12c41dffb40f591707b447bc0710a,jiab760gubuntu2004,dev_imudb_2024-08-11T17:48:48.211974-07:00,euroc_imudb,logs_jiab760gubuntu2004/euroc_imudb/dev_imudb_2024-08-11T17:48:48.211974-07:00/hparams.yaml,bug fix use raw and pred for nsp, weight denoise loss with 10
c7be32b5f28d4549a66c7892315a22ee,jiab760gubuntu2004,dev_imudb_2024-08-11T17:49:43.358664-07:00,euroc_imudb,logs_jiab760gubuntu2004/euroc_imudb/dev_imudb_2024-08-11T17:49:43.358664-07:00/hparams.yaml,bug fix use raw and pred for nsp, weight denoise loss with 10
6f1e1dadd8864d0d9858bf8a4575e151,jiab760gubuntu2004,dev_imudb_2024-08-11T17:57:08.472975-07:00,euroc_imudb,logs_jiab760gubuntu2004/euroc_imudb/dev_imudb_2024-08-11T17:57:08.472975-07:00/hparams.yaml,bug fix use raw and pred for nsp, weight denoise loss with 10
03103cd18c434cd1953021cdecd19295,jiab760gubuntu2004,dev_imudb_2024-08-11T18:09:43.943611-07:00,euroc_imudb,logs_jiab760gubuntu2004/euroc_imudb/dev_imudb_2024-08-11T18:09:43.943611-07:00/hparams.yaml,bug fix use raw and pred for nsp, weight denoise loss with 10
bd0bb9f815e24416840d351c090e482a,jiab760gubuntu2004,dev_imudb_2024-08-11T18:12:21.482304-07:00,euroc_imudb,logs_jiab760gubuntu2004/euroc_imudb/dev_imudb_2024-08-11T18:12:21.482304-07:00/hparams.yaml,bug fix use raw and pred for nsp, weight denoise loss with 10
6dd48629c5494739a91eff2cbe49cf71,jiab760gubuntu2004,dev_imudb_2024-08-11T18:15:12.133873-07:00,euroc_imudb,logs_jiab760gubuntu2004/euroc_imudb/dev_imudb_2024-08-11T18:15:12.133873-07:00/hparams.yaml,bug fix use raw and pred for nsp, weight denoise loss with 10
248e9fcfab4640bc8a5252909356e535,jiab760gubuntu2004,dev_imudb_2024-08-11T18:18:18.483650-07:00,euroc_imudb,logs_jiab760gubuntu2004/euroc_imudb/dev_imudb_2024-08-11T18:18:18.483650-07:00/hparams.yaml,bug fix use raw and pred for nsp, weight denoise loss with 10
48ef631c6500485db61c18b73bf0c5d4,jiab760gubuntu2004,dev_imudb_2024-08-11T18:20:29.356954-07:00,euroc_imudb,logs_jiab760gubuntu2004/euroc_imudb/dev_imudb_2024-08-11T18:20:29.356954-07:00/hparams.yaml,bug fix use raw and pred for nsp, weight denoise loss with 10
e5c2e4fcac894ed49c2e9097dc6cb0b0,jiab760gubuntu2004,dev_imudb_2024-08-11T18:26:48.277544-07:00,euroc_imudb,logs_jiab760gubuntu2004/euroc_imudb/dev_imudb_2024-08-11T18:26:48.277544-07:00/hparams.yaml,bug fix use raw and pred for nsp, weight denoise loss with 10
8adb894a6be24f4582ca73acec054606,jiab760gubuntu2004,dev_imudb_2024-08-11T18:28:59.675262-07:00,euroc_imudb,logs_jiab760gubuntu2004/euroc_imudb/dev_imudb_2024-08-11T18:28:59.675262-07:00/hparams.yaml,bug fix use raw and pred for nsp, weight denoise loss with 10
1c2a97df5e794ecd9063f05fec2be2d8,jiab760gubuntu2004,dev_imudb_2024-08-11T18:34:29.906144-07:00,euroc_imudb,logs_jiab760gubuntu2004/euroc_imudb/dev_imudb_2024-08-11T18:34:29.906144-07:00/hparams.yaml,bug fix use raw and pred for nsp, weight denoise loss with 10
546522bc05dd495789fe7f30c212335a,jiab760gubuntu2004,dev_imudb_2024-08-11T18:35:13.814918-07:00,euroc_imudb,logs_jiab760gubuntu2004/euroc_imudb/dev_imudb_2024-08-11T18:35:13.814918-07:00/hparams.yaml,bug fix use raw and pred for nsp, weight denoise loss with 10
458e56eae77049cea1068820986dd1e2,jiab760gubuntu2004,dev_imudb_2024-08-11T18:36:37.810794-07:00,euroc_imudb,logs_jiab760gubuntu2004/euroc_imudb/dev_imudb_2024-08-11T18:36:37.810794-07:00/hparams.yaml,bug fix use raw and pred for nsp, weight denoise loss with 10
1125f07fac1c4f74ab025b65768fc021,jiab760gubuntu2004,dev_imudb_2024-08-11T18:38:42.985091-07:00,euroc_imudb,logs_jiab760gubuntu2004/euroc_imudb/dev_imudb_2024-08-11T18:38:42.985091-07:00/hparams.yaml,bug fix use raw and pred for nsp, weight denoise loss with 10
4bc043b17f044128a9c41b9d4477b8af,jiab760gubuntu2004,dev_imudb_2024-08-11T18:40:19.828680-07:00,euroc_imudb,logs_jiab760gubuntu2004/euroc_imudb/dev_imudb_2024-08-11T18:40:19.828680-07:00/hparams.yaml,bug fix use raw and pred for nsp, weight denoise loss with 10
477317f5b40e4be8927420300c3257cc,jiab760gubuntu2004,dev_imudb_2024-08-11T18:41:26.443929-07:00,euroc_imudb,logs_jiab760gubuntu2004/euroc_imudb/dev_imudb_2024-08-11T18:41:26.443929-07:00/hparams.yaml,bug fix use raw and pred for nsp, weight denoise loss with 10
141e04c1ead340f6b4ea429002312a91,jiab760gubuntu2004,dev_imudb_2024-08-11T18:43:55.078496-07:00,euroc_imudb,logs_jiab760gubuntu2004/euroc_imudb/dev_imudb_2024-08-11T18:43:55.078496-07:00/hparams.yaml,bug fix use raw and pred for nsp, weight denoise loss with 10
25adceb702914f30b17c69fea047ebc8,jiab760gubuntu2004,dev_imudb_2024-08-11T18:53:44.740274-07:00,euroc_imudb,logs_jiab760gubuntu2004/euroc_imudb/dev_imudb_2024-08-11T18:53:44.740274-07:00/hparams.yaml,bug fix use raw and pred for nsp, weight denoise loss with 10
45bc754e8602418e806d98dfb7bd11f0,jiab760gubuntu2004,dev_imudb_2024-08-11T19:00:10.800400-07:00,euroc_imudb,logs_jiab760gubuntu2004/euroc_imudb/dev_imudb_2024-08-11T19:00:10.800400-07:00/hparams.yaml,bug fix use raw and pred for nsp, weight denoise loss with 10
5d597a850aae43a69681d78eaa119f7f,jiab760gubuntu2004,dev_imudb_2024-08-11T19:01:40.110092-07:00,euroc_imudb,logs_jiab760gubuntu2004/euroc_imudb/dev_imudb_2024-08-11T19:01:40.110092-07:00/hparams.yaml,bug fix use raw and pred for nsp, weight denoise loss with 10
7b4a6655d30f4058a418b730eb3d7003,jiab760gubuntu2004,dev_imudb_2024-08-11T19:05:12.889032-07:00,euroc_imudb,logs_jiab760gubuntu2004/euroc_imudb/dev_imudb_2024-08-11T19:05:12.889032-07:00/hparams.yaml,bug fix use raw and pred for nsp, weight denoise loss with 10
05c28c3453194bdb8803859b229d5a28,jiab760gubuntu2004,dev_imudb_2024-08-11T19:08:14.045535-07:00,euroc_imudb,logs_jiab760gubuntu2004/euroc_imudb/dev_imudb_2024-08-11T19:08:14.045535-07:00/hparams.yaml,bug fix use raw and pred for nsp, weight denoise loss with 10
8a1891a3f95f40419296559a78d3f686,jiab760gubuntu2004,dev_imudb_2024-08-11T19:08:55.966952-07:00,euroc_imudb,logs_jiab760gubuntu2004/euroc_imudb/dev_imudb_2024-08-11T19:08:55.966952-07:00/hparams.yaml,bug fix use raw and pred for nsp, weight denoise loss with 10
940bd6d2b89f41c4b87210d387ed15e7,jiab760gubuntu2004,dev_imudb_2024-08-11T19:11:47.249685-07:00,euroc_imudb,logs_jiab760gubuntu2004/euroc_imudb/dev_imudb_2024-08-11T19:11:47.249685-07:00/hparams.yaml,bug fix use raw and pred for nsp, weight denoise loss with 10
0e6e0941fdb34342bee98533f678e3eb,jiab760gubuntu2004,dev_imudb_2024-08-11T19:16:10.202518-07:00,euroc_imudb,logs_jiab760gubuntu2004/euroc_imudb/dev_imudb_2024-08-11T19:16:10.202518-07:00/hparams.yaml,bug fix use raw and pred for nsp, weight denoise loss with 10
a3b5d0aa38844f1bb52fdf1bcede9d72,jiab760gubuntu2004,dev_imudb_2024-08-11T19:17:53.487044-07:00,euroc_imudb,logs_jiab760gubuntu2004/euroc_imudb/dev_imudb_2024-08-11T19:17:53.487044-07:00/hparams.yaml,bug fix use raw and pred for nsp, weight denoise loss with 10
21a4bab29a48415db864323741c8f743,jiab760gubuntu2004,dev_imudb_2024-08-11T19:23:21.571513-07:00,euroc_imudb,logs_jiab760gubuntu2004/euroc_imudb/dev_imudb_2024-08-11T19:23:21.571513-07:00/hparams.yaml,bug fix use raw and pred for nsp, weight denoise loss with 10
371fee61e11e401981edf3d00124e74f,jiab760gubuntu2004,dev_imudb_2024-08-11T19:29:07.062065-07:00,euroc_imudb,logs_jiab760gubuntu2004/euroc_imudb/dev_imudb_2024-08-11T19:29:07.062065-07:00/hparams.yaml,bug fix use raw and pred for nsp, weight denoise loss with 10
e5f3be96e7524f46987f35c8f6ecf5f1,jiab760gubuntu2004,dev_imudb_2024-08-11T19:30:32.389513-07:00,euroc_imudb,logs_jiab760gubuntu2004/euroc_imudb/dev_imudb_2024-08-11T19:30:32.389513-07:00/hparams.yaml,bug fix use raw and pred for nsp, weight denoise loss with 10
1e0076a2240440d6a3066dfbae59ecee,jiab760gubuntu2004,dev_imudb_2024-08-11T19:31:59.913250-07:00,euroc_imudb,logs_jiab760gubuntu2004/euroc_imudb/dev_imudb_2024-08-11T19:31:59.913250-07:00/hparams.yaml,bug fix use raw and pred for nsp, weight denoise loss with 10
b4ccf892bdd749e190f224326818277d,jiab760gubuntu2004,dev_imudb_2024-08-11T19:33:26.747159-07:00,euroc_imudb,logs_jiab760gubuntu2004/euroc_imudb/dev_imudb_2024-08-11T19:33:26.747159-07:00/hparams.yaml,bug fix use raw and pred for nsp, weight denoise loss with 10
7f976d1b30b74423a9134a6b2fc1bf1c,jiab760gubuntu2004,dev_imudb_2024-08-11T19:37:06.008234-07:00,euroc_imudb,logs_jiab760gubuntu2004/euroc_imudb/dev_imudb_2024-08-11T19:37:06.008234-07:00/hparams.yaml,bug fix use raw and pred for nsp, weight denoise loss with 10
790ec962b91141b6b0ced749ebf841f2,jiab760gubuntu2004,dev_imudb_2024-08-11T19:41:53.069498-07:00,euroc_imudb,logs_jiab760gubuntu2004/euroc_imudb/dev_imudb_2024-08-11T19:41:53.069498-07:00/hparams.yaml,bug fix use raw and pred for nsp, weight denoise loss with 10
8a09dbc0dedc47f888cd9e367c8bad69,jiab760gubuntu2004,dev_imudb_2024-08-11T19:43:43.730976-07:00,euroc_imudb,logs_jiab760gubuntu2004/euroc_imudb/dev_imudb_2024-08-11T19:43:43.730976-07:00/hparams.yaml,bug fix use raw and pred for nsp, weight denoise loss with 10
bf8e9c34be3f4475adaa21670665526b,jiab760gubuntu2004,dev_imudb_2024-08-11T19:46:38.685292-07:00,euroc_imudb,logs_jiab760gubuntu2004/euroc_imudb/dev_imudb_2024-08-11T19:46:38.685292-07:00/hparams.yaml,bug fix use raw and pred for nsp, weight denoise loss with 10
5a139e6d2a2649dca12d72ece0c5bc66,jiab760gubuntu2004,dev_imudb_2024-08-11T19:48:14.423336-07:00,euroc_imudb,logs_jiab760gubuntu2004/euroc_imudb/dev_imudb_2024-08-11T19:48:14.423336-07:00/hparams.yaml,bug fix use raw and pred for nsp, weight denoise loss with 10
2ecd3246156044baa24ed9b0b9cad626,jiab760gubuntu2004,dev_imudb_2024-08-11T19:54:48.858280-07:00,euroc_imudb,logs_jiab760gubuntu2004/euroc_imudb/dev_imudb_2024-08-11T19:54:48.858280-07:00/hparams.yaml,bug fix use raw and pred for nsp, weight denoise loss with 10
89b8429c1b204022a1e20e5f39e44c24,jiab760gubuntu2004,dev_imudb_2024-08-11T19:54:58.941866-07:00,euroc_imudb,logs_jiab760gubuntu2004/euroc_imudb/dev_imudb_2024-08-11T19:54:58.941866-07:00/hparams.yaml,bug fix use raw and pred for nsp, weight denoise loss with 10
767b1413d7ed489abd14d9e25c712f22,jiab760gubuntu2004,dev_imudb_2024-08-11T19:59:50.924568-07:00,euroc_imudb,logs_jiab760gubuntu2004/euroc_imudb/dev_imudb_2024-08-11T19:59:50.924568-07:00/hparams.yaml,bug fix use raw and pred for nsp, weight denoise loss with 10
84b2b7f4b80c4bf393d971ca769b8f41,jiab760gubuntu2004,dev_imudb_2024-08-11T20:31:35.857548-07:00,euroc_imudb,logs_jiab760gubuntu2004/euroc_imudb/dev_imudb_2024-08-11T20:31:35.857548-07:00/hparams.yaml,bug fix use raw and pred for nsp, weight denoise loss with 10
e9b821e4335f4e98bd8a54f69bee63fa,jiab760gubuntu2004,dev_imudb_2024-08-11T20:46:34.682340-07:00,euroc_imudb,logs_jiab760gubuntu2004/euroc_imudb/dev_imudb_2024-08-11T20:46:34.682340-07:00/hparams.yaml,bug fix use raw and pred for nsp, weight denoise loss with 10
e8b91f64cfbf4a0984ef69423ae8281b,jiab760gubuntu2004,dev_imudb_2024-08-11T20:48:09.613388-07:00,euroc_imudb,logs_jiab760gubuntu2004/euroc_imudb/dev_imudb_2024-08-11T20:48:09.613388-07:00/hparams.yaml,bug fix use raw and pred for nsp, weight denoise loss with 10
6209bfd1f1af4e708cadc5c6eb1f06d8,jiab760gubuntu2004,dev_imudb_2024-08-11T20:49:33.872791-07:00,euroc_imudb,logs_jiab760gubuntu2004/euroc_imudb/dev_imudb_2024-08-11T20:49:33.872791-07:00/hparams.yaml,bug fix use raw and pred for nsp, weight denoise loss with 10
d9c3bc4d48554b8fbe3ffd4032ffac09,jiab760gubuntu2004,dev_imudb_2024-08-11T20:51:29.774838-07:00,euroc_imudb,logs_jiab760gubuntu2004/euroc_imudb/dev_imudb_2024-08-11T20:51:29.774838-07:00/hparams.yaml,bug fix use raw and pred for nsp, weight denoise loss with 10
1645fa2f7c78494c87e9a4cc5eed5508,jiab760gubuntu2004,dev_imudb_2024-08-11T20:51:47.588910-07:00,euroc_imudb,logs_jiab760gubuntu2004/euroc_imudb/dev_imudb_2024-08-11T20:51:47.588910-07:00/hparams.yaml,bug fix use raw and pred for nsp, weight denoise loss with 10
bda0c5f38554462fae4108b9a78a1909,jiab760gubuntu2004,dev_imudb_2024-08-11T20:52:40.967741-07:00,euroc_imudb,logs_jiab760gubuntu2004/euroc_imudb/dev_imudb_2024-08-11T20:52:40.967741-07:00/hparams.yaml,bug fix use raw and pred for nsp, weight denoise loss with 10
1a63f0cb2f7a480e92607ddaf390ab8e,jiab760gubuntu2004,dev_imudb_2024-08-11T20:53:18.141110-07:00,euroc_imudb,logs_jiab760gubuntu2004/euroc_imudb/dev_imudb_2024-08-11T20:53:18.141110-07:00/hparams.yaml,bug fix use raw and pred for nsp, weight denoise loss with 10
7724e08b85fd4ca4acf7c086bdbedded,jiab760gubuntu2004,dev_imudb_2024-08-11T21:42:58.281911-07:00,euroc_imudb,logs_jiab760gubuntu2004/euroc_imudb/dev_imudb_2024-08-11T21:42:58.281911-07:00/hparams.yaml,bug fix use raw and pred for nsp, weight denoise loss with 10
103c5f0944854d918b62ffdaa9fa3aeb,jiab760gubuntu2004,dev_imudb_2024-08-11T21:43:36.342824-07:00,euroc_imudb,logs_jiab760gubuntu2004/euroc_imudb/dev_imudb_2024-08-11T21:43:36.342824-07:00/hparams.yaml,bug fix use raw and pred for nsp, weight denoise loss with 10
265123e67b5a493c9765b627b14d3936,jiab760gubuntu2004,dev_imudb_2024-08-11T21:44:16.470421-07:00,euroc_imudb,logs_jiab760gubuntu2004/euroc_imudb/dev_imudb_2024-08-11T21:44:16.470421-07:00/hparams.yaml,bug fix use raw and pred for nsp, weight denoise loss with 10
30c430b234da4b5b99aba0bd2c25c418,jiab760gubuntu2004,dev_imudb_2024-08-11T21:46:11.774189-07:00,euroc_imudb,logs_jiab760gubuntu2004/euroc_imudb/dev_imudb_2024-08-11T21:46:11.774189-07:00/hparams.yaml,bug fix use raw and pred for nsp, weight denoise loss with 10
3ee97a07e3544cf59272d8d2ddfdadc0,jiab760gubuntu2004,dev_imudb_2024-08-11T22:30:19.597093-07:00,euroc_imudb,logs_jiab760gubuntu2004/euroc_imudb/dev_imudb_2024-08-11T22:30:19.597093-07:00/hparams.yaml,bug fix use raw and pred for nsp, weight denoise loss with 10
db68c036b2b9420a9f59f5b722653234,jiab760gubuntu2004,dev_imudb_2024-08-11T22:30:59.128669-07:00,euroc_imudb,logs_jiab760gubuntu2004/euroc_imudb/dev_imudb_2024-08-11T22:30:59.128669-07:00/hparams.yaml,bug fix use raw and pred for nsp, weight denoise loss with 10
edba970b163f41459d1fb8c7d396aaa8,jiab760gubuntu2004,dev_imudb_2024-08-11T22:34:48.778058-07:00,euroc_imudb,logs_jiab760gubuntu2004/euroc_imudb/dev_imudb_2024-08-11T22:34:48.778058-07:00/hparams.yaml,bug fix use raw and pred for nsp, weight denoise loss with 10
8227e8c2840e4d86b0779ccfbe734d1e,jiab760gubuntu2004,dev_imudb_2024-08-11T22:35:59.766466-07:00,euroc_imudb,logs_jiab760gubuntu2004/euroc_imudb/dev_imudb_2024-08-11T22:35:59.766466-07:00/hparams.yaml,bug fix use raw and pred for nsp, weight denoise loss with 10
dd33cbc06b20441b828a037e2771e526,jiab760gubuntu2004,dev_imudb_2024-08-11T22:39:08.703724-07:00,euroc_imudb,logs_jiab760gubuntu2004/euroc_imudb/dev_imudb_2024-08-11T22:39:08.703724-07:00/hparams.yaml,bug fix use raw and pred for nsp, weight denoise loss with 10
80179437bf70468893cc0a8d0bfbff51,jiab760gubuntu2004,dev_imudb_2024-08-11T22:40:10.005843-07:00,euroc_imudb,logs_jiab760gubuntu2004/euroc_imudb/dev_imudb_2024-08-11T22:40:10.005843-07:00/hparams.yaml,bug fix use raw and pred for nsp, weight denoise loss with 10
8895cb63adc94189aeb5cdea6dea1412,jiab760gubuntu2004,dev_imudb_2024-08-12T18:07:36.685656-07:00,euroc_imudb,logs_jiab760gubuntu2004/euroc_imudb/dev_imudb_2024-08-12T18:07:36.685656-07:00/hparams.yaml,bug fix use raw and pred for nsp, weight denoise loss with 10
f1a7355927314045987b55cfa398ab5f,jiab760gubuntu2004,dev_imudb_2024-08-12T18:25:16.597892-07:00,euroc_imudb,logs_jiab760gubuntu2004/euroc_imudb/dev_imudb_2024-08-12T18:25:16.597892-07:00/hparams.yaml,bug fix use raw and pred for nsp, weight denoise loss with 10
3cbca91c7ec34640be74caf74b72e683,jiab760gubuntu2004,dev_imudb_2024-08-12T18:27:35.429862-07:00,euroc_imudb,logs_jiab760gubuntu2004/euroc_imudb/dev_imudb_2024-08-12T18:27:35.429862-07:00/hparams.yaml,bug fix use raw and pred for nsp, weight denoise loss with 10
92632f91629341be871e0610d8b8b623,jiab760gubuntu2004,dev_imudb_2024-08-12T18:35:56.028102-07:00,euroc_imudb,logs_jiab760gubuntu2004/euroc_imudb/dev_imudb_2024-08-12T18:35:56.028102-07:00/hparams.yaml,bug fix use raw and pred for nsp, weight denoise loss with 10
3b954707212f4f1f995efcd28d3b8d4d,jiab760gubuntu2004,dev_imudb_2024-08-12T18:37:40.532236-07:00,euroc_imudb,logs_jiab760gubuntu2004/euroc_imudb/dev_imudb_2024-08-12T18:37:40.532236-07:00/hparams.yaml,bug fix use raw and pred for nsp, weight denoise loss with 10
2adfdb59f1494c77a89fda0b3c5a5ef4,jiab760gubuntu2004,dev_imudb_2024-08-12T18:38:14.110504-07:00,euroc_imudb,logs_jiab760gubuntu2004/euroc_imudb/dev_imudb_2024-08-12T18:38:14.110504-07:00/hparams.yaml,bug fix use raw and pred for nsp, weight denoise loss with 10
4a315cf0ee7746b0b58f8dd576246a6d,jiab760gubuntu2004,dev_imudb_2024-08-27T11:52:21.607760-07:00,euroc_imudb,logs_jiab760gubuntu2004/euroc_imudb/dev_imudb_2024-08-27T11:52:21.607760-07:00/hparams.yaml,bug fix use raw and pred for nsp, weight denoise loss with 10
f3fc3ca7d3904e6c8ccf634efba2c49a,jiab760gubuntu2004,dev_imudb_2024-08-27T11:52:42.152000-07:00,euroc_imudb,logs_jiab760gubuntu2004/euroc_imudb/dev_imudb_2024-08-27T11:52:42.152000-07:00/hparams.yaml,bug fix use raw and pred for nsp, weight denoise loss with 10
3599e929f1384d028b71aa91865d8950,jiab760gubuntu2004,dev_imudb_2024-08-27T12:08:50.044174-07:00,euroc_imudb,logs_jiab760gubuntu2004/euroc_imudb/dev_imudb_2024-08-27T12:08:50.044174-07:00/hparams.yaml,bug fix use raw and pred for nsp, weight denoise loss with 10
83b30f91273940fe935b924f2e8406f2,jiab760gubuntu2004,dev_imudb_2024-08-27T12:09:31.721097-07:00,euroc_imudb,logs_jiab760gubuntu2004/euroc_imudb/dev_imudb_2024-08-27T12:09:31.721097-07:00/hparams.yaml,bug fix use raw and pred for nsp, weight denoise loss with 10
85120880cab34a0e9d6cddacc6a070b8,jiab760gubuntu2004,dev_imudb_2024-08-27T12:10:50.182751-07:00,euroc_imudb,logs_jiab760gubuntu2004/euroc_imudb/dev_imudb_2024-08-27T12:10:50.182751-07:00/hparams.yaml,bug fix use raw and pred for nsp, weight denoise loss with 10
24a19cb20c874306a10c8900396979c4,jiab760gubuntu2004,dev_imudb_2024-08-27T12:17:20.265638-07:00,euroc_imudb,logs_jiab760gubuntu2004/euroc_imudb/dev_imudb_2024-08-27T12:17:20.265638-07:00/hparams.yaml,bug fix use raw and pred for nsp, weight denoise loss with 10
91bca06ee19b438fb2781d1979eb157a,jiab760gubuntu2004,dev_imudb_2024-08-27T12:21:59.480725-07:00,euroc_imudb,logs_jiab760gubuntu2004/euroc_imudb/dev_imudb_2024-08-27T12:21:59.480725-07:00/hparams.yaml,bug fix use raw and pred for nsp, weight denoise loss with 10
e4d9ce7a17bd43d192d92218dc802d5d,jiab760gubuntu2004,dev_imudb_2024-08-27T13:00:50.904195-07:00,euroc_imudb,logs_jiab760gubuntu2004/euroc_imudb/dev_imudb_2024-08-27T13:00:50.904195-07:00/hparams.yaml,bug fix use raw and pred for nsp, weight denoise loss with 10
d99e978940734183939629ae36606513,jiab760gubuntu2004,dev_imudb_2024-08-27T13:18:44.256058-07:00,euroc_imudb,logs_jiab760gubuntu2004/euroc_imudb/dev_imudb_2024-08-27T13:18:44.256058-07:00/hparams.yaml,bug fix use raw and pred for nsp, weight denoise loss with 10
965c69153c5d4bb0ad2843b64977a4a3,jiab760gubuntu2004,dev_imudb_2024-08-27T13:22:26.272302-07:00,euroc_imudb,logs_jiab760gubuntu2004/euroc_imudb/dev_imudb_2024-08-27T13:22:26.272302-07:00/hparams.yaml,bug fix use raw and pred for nsp, weight denoise loss with 10
a8b74caa909641b19d8c56667c392f9a,jiab760gubuntu2004,dev_imudb_2024-08-28T08:43:00.190068-07:00,euroc_imudb,logs_jiab760gubuntu2004/euroc_imudb/dev_imudb_2024-08-28T08:43:00.190068-07:00/hparams.yaml,bug fix use raw and pred for nsp, weight denoise loss with 10
f2a87d98386b4676a65f7cf27272ad64,jiab760gubuntu2004,dev_imudb_2024-08-28T12:38:39.297941-07:00,euroc_imudb,logs_jiab760gubuntu2004/euroc_imudb/dev_imudb_2024-08-28T12:38:39.297941-07:00/hparams.yaml,bug fix use raw and pred for nsp, weight denoise loss with 10
a889d587d12340cfbf9e993fc1894302,jiab760gubuntu2004,dev_imudb_2024-08-28T21:19:32.744036-07:00,euroc_imudb,logs_jiab760gubuntu2004/euroc_imudb/dev_imudb_2024-08-28T21:19:32.744036-07:00/hparams.yaml,bug fix use raw and pred for nsp, weight denoise loss with 10
2dc0d02ad8cc466f8d41be3e8dbc2ac3,jiab760gubuntu2004,dev_imudb_2024-08-29T09:22:22.366415-07:00,euroc_imudb,logs_jiab760gubuntu2004/euroc_imudb/dev_imudb_2024-08-29T09:22:22.366415-07:00/hparams.yaml,bug fix use raw and pred for nsp, weight denoise loss with 10
ac14fafc7e744285b1e7a1c86035ec19,jiab760gubuntu2004,dev_imudb_2024-08-29T09:22:55.871724-07:00,euroc_imudb,logs_jiab760gubuntu2004/euroc_imudb/dev_imudb_2024-08-29T09:22:55.871724-07:00/hparams.yaml,bug fix use raw and pred for nsp, weight denoise loss with 10
65eb3edd48cc4151b5d767e93f3823b6,jiab760gubuntu2004,dev_imudb_2024-08-29T09:23:42.042142-07:00,euroc_imudb,logs_jiab760gubuntu2004/euroc_imudb/dev_imudb_2024-08-29T09:23:42.042142-07:00/hparams.yaml,bug fix use raw and pred for nsp, weight denoise loss with 10
a5464a7aa927414dbaf4804df353478b,jiab760gubuntu2004,dev_imudb_2024-08-29T13:11:18.321339-07:00,euroc_imudb,logs_jiab760gubuntu2004/euroc_imudb/dev_imudb_2024-08-29T13:11:18.321339-07:00/hparams.yaml,bug fix use raw and pred for nsp, weight denoise loss with 10
aeec959efab04e05ad5021db33aba7d6,jiab760gubuntu2004,dev_imudb_2024-08-29T13:20:50.731333-07:00,euroc_imudb,logs_jiab760gubuntu2004/euroc_imudb/dev_imudb_2024-08-29T13:20:50.731333-07:00/hparams.yaml,bug fix use raw and pred for nsp, weight denoise loss with 10
72726644517b4e3abc3e78a3925cdd92,jiab760gubuntu2004,dev_imudb_2024-08-29T13:22:16.764382-07:00,euroc_imudb,logs_jiab760gubuntu2004/euroc_imudb/dev_imudb_2024-08-29T13:22:16.764382-07:00/hparams.yaml,bug fix use raw and pred for nsp, weight denoise loss with 10
f76a7ae94ece41779ddfa7bd8596fc83,jiab760gubuntu2004,dev_imudb_2024-08-29T13:22:51.133741-07:00,euroc_imudb,logs_jiab760gubuntu2004/euroc_imudb/dev_imudb_2024-08-29T13:22:51.133741-07:00/hparams.yaml,bug fix use raw and pred for nsp, weight denoise loss with 10
7b8d33c7802f466195528252236b517d,jiab760gubuntu2004,dev_imudb_2024-08-29T13:26:05.619227-07:00,euroc_imudb,logs_jiab760gubuntu2004/euroc_imudb/dev_imudb_2024-08-29T13:26:05.619227-07:00/hparams.yaml,bug fix use raw and pred for nsp, weight denoise loss with 10
008ef05c034941a3a2c5784d9e406a94,jiab760gubuntu2004,dev_imudb_2024-08-29T13:43:46.875028-07:00,euroc_imudb,logs_jiab760gubuntu2004/euroc_imudb/dev_imudb_2024-08-29T13:43:46.875028-07:00/hparams.yaml,bug fix use raw and pred for nsp, weight denoise loss with 10
c4d764417cea4a5281ba77f800171347,jiab760gubuntu2004,dev_imudb_2024-08-29T13:46:40.279967-07:00,euroc_imudb,logs_jiab760gubuntu2004/euroc_imudb/dev_imudb_2024-08-29T13:46:40.279967-07:00/hparams.yaml,bug fix use raw and pred for nsp, weight denoise loss with 10
f6acdfe7a79147789e85dfd27b4366b3,jiab760gubuntu2004,dev_imudb_2024-08-29T13:48:39.145415-07:00,euroc_imudb,logs_jiab760gubuntu2004/euroc_imudb/dev_imudb_2024-08-29T13:48:39.145415-07:00/hparams.yaml,bug fix use raw and pred for nsp, weight denoise loss with 10
cac715522f7946939bcd7261b2aee3df,jiab760gubuntu2004,dev_imudb_2024-08-29T13:51:16.407316-07:00,euroc_imudb,logs_jiab760gubuntu2004/euroc_imudb/dev_imudb_2024-08-29T13:51:16.407316-07:00/hparams.yaml,bug fix use raw and pred for nsp, weight denoise loss with 10
5a60a3431f5d4c739133aff29aa9c6ec,jiab760gubuntu2004,dev_imudb_2024-08-29T13:56:14.656131-07:00,euroc_imudb,logs_jiab760gubuntu2004/euroc_imudb/dev_imudb_2024-08-29T13:56:14.656131-07:00/hparams.yaml,bug fix use raw and pred for nsp, weight denoise loss with 10
e73fa30ac129436ea1e23e7db5efd789,jiab760gubuntu2004,dev_imudb_2024-08-30T17:52:04.168456-07:00,euroc_imudb,logs_jiab760gubuntu2004/euroc_imudb/dev_imudb_2024-08-30T17:52:04.168456-07:00/hparams.yaml,bug fix use raw and pred for nsp, weight denoise loss with 10
9932d7c0845c46929446c0f8d40c32a0,jiab760gubuntu2004,dev_imudb_2024-08-30T17:53:09.296111-07:00,euroc_imudb,logs_jiab760gubuntu2004/euroc_imudb/dev_imudb_2024-08-30T17:53:09.296111-07:00/hparams.yaml,bug fix use raw and pred for nsp, weight denoise loss with 10
7077d1382f1045fc8af627488bc4bf04,jiab760gubuntu2004,dev_imudb_2024-08-30T17:55:33.547455-07:00,euroc_imudb,logs_jiab760gubuntu2004/euroc_imudb/dev_imudb_2024-08-30T17:55:33.547455-07:00/hparams.yaml,bug fix use raw and pred for nsp, weight denoise loss with 10
26d0d318ea164d619bad1280ac5f1441,jiab760gubuntu2004,dev_imudb_2024-08-30T17:56:23.522511-07:00,euroc_imudb,logs_jiab760gubuntu2004/euroc_imudb/dev_imudb_2024-08-30T17:56:23.522511-07:00/hparams.yaml,bug fix use raw and pred for nsp, weight denoise loss with 10
bd251021fb284afb8f69484253337632,jiab760gubuntu2004,dev_imudb_2024-08-30T18:06:11.057490-07:00,euroc_imudb,logs_jiab760gubuntu2004/euroc_imudb/dev_imudb_2024-08-30T18:06:11.057490-07:00/hparams.yaml,bug fix use raw and pred for nsp, weight denoise loss with 10
4b30a1e7c4574414a725ff19c5e5ebfc,jiab760gubuntu2004,dev_imudb_2024-08-30T18:08:21.928213-07:00,euroc_imudb,logs_jiab760gubuntu2004/euroc_imudb/dev_imudb_2024-08-30T18:08:21.928213-07:00/hparams.yaml,bug fix use raw and pred for nsp, weight denoise loss with 10
bebed50e77c44b59b0d729ad30d0adbc,jiab760gubuntu2004,dev_imudb_2024-08-30T18:09:23.362783-07:00,euroc_imudb,logs_jiab760gubuntu2004/euroc_imudb/dev_imudb_2024-08-30T18:09:23.362783-07:00/hparams.yaml,bug fix use raw and pred for nsp, weight denoise loss with 10
2cbd8ed272134d7e91639f6ca67009b6,jiab760gubuntu2004,dev_imudb_2024-08-30T18:16:29.608826-07:00,euroc_imudb,logs_jiab760gubuntu2004/euroc_imudb/dev_imudb_2024-08-30T18:16:29.608826-07:00/hparams.yaml,bug fix use raw and pred for nsp, weight denoise loss with 10
bfac7df2ae334f81bd4971db81f28828,jiab760gubuntu2004,dev_imudb_2024-08-30T18:18:35.552908-07:00,euroc_imudb,logs_jiab760gubuntu2004/euroc_imudb/dev_imudb_2024-08-30T18:18:35.552908-07:00/hparams.yaml,bug fix use raw and pred for nsp, weight denoise loss with 10
9fa6bd737dfa4ca7a93d5c36ffa6359c,jiab760gubuntu2004,dev_imudb_2024-08-30T18:21:37.686403-07:00,euroc_imudb,logs_jiab760gubuntu2004/euroc_imudb/dev_imudb_2024-08-30T18:21:37.686403-07:00/hparams.yaml,bug fix use raw and pred for nsp, weight denoise loss with 10
f7d3101c251b4ed5a1e22983416d607b,jiab760gubuntu2004,dev_imudb_2024-08-30T18:26:52.035354-07:00,euroc_imudb,logs_jiab760gubuntu2004/euroc_imudb/dev_imudb_2024-08-30T18:26:52.035354-07:00/hparams.yaml,bug fix use raw and pred for nsp, weight denoise loss with 10
8916ebf2ba72473eba84f158056895a1,jiab760gubuntu2004,dev_imudb_2024-08-30T18:28:43.695454-07:00,euroc_imudb,logs_jiab760gubuntu2004/euroc_imudb/dev_imudb_2024-08-30T18:28:43.695454-07:00/hparams.yaml,bug fix use raw and pred for nsp, weight denoise loss with 10
53cd03e0777d41fea027ccbe5d8fafec,jiab760gubuntu2004,dev_imudb_2024-08-30T18:31:48.259990-07:00,euroc_imudb,logs_jiab760gubuntu2004/euroc_imudb/dev_imudb_2024-08-30T18:31:48.259990-07:00/hparams.yaml,bug fix use raw and pred for nsp, weight denoise loss with 10
220b2013dd6f4e3f80c9dd35338b8d3b,jiab760gubuntu2004,dev_imudb_2024-08-30T18:35:15.009720-07:00,euroc_imudb,logs_jiab760gubuntu2004/euroc_imudb/dev_imudb_2024-08-30T18:35:15.009720-07:00/hparams.yaml,bug fix use raw and pred for nsp, weight denoise loss with 10
c287acdca6704f77ba0e3e0eae686fa9,jiab760gubuntu2004,dev_imudb_2024-08-31T02:42:25.528081-07:00,euroc_imudb,logs_jiab760gubuntu2004/euroc_imudb/dev_imudb_2024-08-31T02:42:25.528081-07:00/hparams.yaml,bug fix use raw and pred for nsp, weight denoise loss with 10
877e19f1ffc14e5f8fd1bfac1fdd653a,jiab760gubuntu2004,dev_imudb_2024-08-31T03:23:58.417124-07:00,euroc_imudb,logs_jiab760gubuntu2004/euroc_imudb/dev_imudb_2024-08-31T03:23:58.417124-07:00/hparams.yaml,bug fix use raw and pred for nsp, weight denoise loss with 10
a77e27f4f4dd4d61b3bbbb71b2e69e3e,jiab760gubuntu2004,dev_imudb_2024-08-31T03:41:59.823305-07:00,euroc_imudb,logs_jiab760gubuntu2004/euroc_imudb/dev_imudb_2024-08-31T03:41:59.823305-07:00/hparams.yaml,bug fix use raw and pred for nsp, weight denoise loss with 10
9ad4bdf93b9f47348948dbbd9ed83611,jiab760gubuntu2004,dev_imudb_2024-08-31T03:43:24.821257-07:00,euroc_imudb,logs_jiab760gubuntu2004/euroc_imudb/dev_imudb_2024-08-31T03:43:24.821257-07:00/hparams.yaml,bug fix use raw and pred for nsp, weight denoise loss with 10
cbbbc3a5f7664a2e965d5effe63bae3c,jiab760gubuntu2004,dev_imudb_2024-08-31T03:44:37.221300-07:00,euroc_imudb,logs_jiab760gubuntu2004/euroc_imudb/dev_imudb_2024-08-31T03:44:37.221300-07:00/hparams.yaml,bug fix use raw and pred for nsp, weight denoise loss with 10
144c96c227cd40349f3ad86e80ef4fe0,jiab760gubuntu2004,dev_imudb_2024-08-31T03:44:46.706565-07:00,euroc_imudb,logs_jiab760gubuntu2004/euroc_imudb/dev_imudb_2024-08-31T03:44:46.706565-07:00/hparams.yaml,bug fix use raw and pred for nsp, weight denoise loss with 10
17e1a65e7f0844c8a04ac7b7765bc096,jiab760gubuntu2004,dev_imudb_2024-08-31T03:45:09.474601-07:00,euroc_imudb,logs_jiab760gubuntu2004/euroc_imudb/dev_imudb_2024-08-31T03:45:09.474601-07:00/hparams.yaml,bug fix use raw and pred for nsp, weight denoise loss with 10
32a2a56049934e0b97aa5d807909cf06,jiab760gubuntu2004,dev_imudb_2024-08-31T04:28:55.038717-07:00,euroc_imudb,logs_jiab760gubuntu2004/euroc_imudb/dev_imudb_2024-08-31T04:28:55.038717-07:00/hparams.yaml,bug fix use raw and pred for nsp, weight denoise loss with 10
249ee8659b3849f684dc96d7e8c66d46,jiab760gubuntu2004,dev_imudb_2024-08-31T04:48:21.149185-07:00,euroc_imudb,logs_jiab760gubuntu2004/euroc_imudb/dev_imudb_2024-08-31T04:48:21.149185-07:00/hparams.yaml,bug fix use raw and pred for nsp, weight denoise loss with 10
9ed7113fcbf840edb6ccad53ba3d9360,jiab760gubuntu2004,dev_imudb_2024-08-31T12:02:49.232561-07:00,euroc_imudb,logs_jiab760gubuntu2004/euroc_imudb/dev_imudb_2024-08-31T12:02:49.232561-07:00/hparams.yaml,bug fix use raw and pred for nsp, weight denoise loss with 10
ed945fd05d3149149ded1e346512f60a,jiab760gubuntu2004,dev_imudb_2024-08-31T12:03:21.459420-07:00,euroc_imudb,logs_jiab760gubuntu2004/euroc_imudb/dev_imudb_2024-08-31T12:03:21.459420-07:00/hparams.yaml,bug fix use raw and pred for nsp, weight denoise loss with 10
ae93379cf2604241a04255fcf9f9ed2c,jiab760gubuntu2004,dev_imudb_2024-08-31T12:04:08.374820-07:00,euroc_imudb,logs_jiab760gubuntu2004/euroc_imudb/dev_imudb_2024-08-31T12:04:08.374820-07:00/hparams.yaml,bug fix use raw and pred for nsp, weight denoise loss with 10
ff24c895f827419bb9e28eaa2812ff0d,jiab760gubuntu2004,dev_imudb_2024-08-31T12:04:45.379726-07:00,euroc_imudb,logs_jiab760gubuntu2004/euroc_imudb/dev_imudb_2024-08-31T12:04:45.379726-07:00/hparams.yaml,bug fix use raw and pred for nsp, weight denoise loss with 10
534cadb35ce94c10836f2fb7d244dc90,jiab760gubuntu2004,dev_imudb_2024-08-31T12:05:18.779229-07:00,euroc_imudb,logs_jiab760gubuntu2004/euroc_imudb/dev_imudb_2024-08-31T12:05:18.779229-07:00/hparams.yaml,bug fix use raw and pred for nsp, weight denoise loss with 10
f8b0a69662054e6bbe60859670852752,jiab760gubuntu2004,dev_imudb_2024-08-31T12:05:28.506759-07:00,euroc_imudb,logs_jiab760gubuntu2004/euroc_imudb/dev_imudb_2024-08-31T12:05:28.506759-07:00/hparams.yaml,bug fix use raw and pred for nsp, weight denoise loss with 10
c7d8596a1c044fcc8dd275d8a597a403,jiab760gubuntu2004,dev_imudb_2024-08-31T18:30:10.550304-07:00,euroc_imudb,logs_jiab760gubuntu2004/euroc_imudb/dev_imudb_2024-08-31T18:30:10.550304-07:00/hparams.yaml,bug fix use raw and pred for nsp, weight denoise loss with 10
909be02e73bb4789b94f1fe81f2f4a5e,jiab760gubuntu2004,dev_imudb_2024-08-31T18:31:51.870542-07:00,euroc_imudb,logs_jiab760gubuntu2004/euroc_imudb/dev_imudb_2024-08-31T18:31:51.870542-07:00/hparams.yaml,bug fix use raw and pred for nsp, weight denoise loss with 10
c798f58c3316495e90a4da32d8c3ec9d,jiab760gubuntu2004,dev_imudb_2024-08-31T18:32:42.401704-07:00,euroc_imudb,logs_jiab760gubuntu2004/euroc_imudb/dev_imudb_2024-08-31T18:32:42.401704-07:00/hparams.yaml,bug fix use raw and pred for nsp, weight denoise loss with 10
ca7b1fde64c14c97a4cc4cb66108c555,jiab760gubuntu2004,dev_imudb_2024-08-31T18:37:33.505256-07:00,euroc_imudb,logs_jiab760gubuntu2004/euroc_imudb/dev_imudb_2024-08-31T18:37:33.505256-07:00/hparams.yaml,bug fix use raw and pred for nsp, weight denoise loss with 10
5d11410bc96b42bab79e764179895c7d,jiab760gubuntu2004,dev_imudb_2024-08-31T18:38:21.656467-07:00,euroc_imudb,logs_jiab760gubuntu2004/euroc_imudb/dev_imudb_2024-08-31T18:38:21.656467-07:00/hparams.yaml,bug fix use raw and pred for nsp, weight denoise loss with 10
ba16ac99f648476cb170d549537335b7,jiab760gubuntu2004,dev_imudb_2024-08-31T18:41:13.009614-07:00,euroc_imudb,logs_jiab760gubuntu2004/euroc_imudb/dev_imudb_2024-08-31T18:41:13.009614-07:00/hparams.yaml,bug fix use raw and pred for nsp, weight denoise loss with 10
a4b4628cceee47bdb11e046e7dfd3caa,jiab760gubuntu2004,dev_imudb_2024-08-31T18:45:00.695707-07:00,euroc_imudb,logs_jiab760gubuntu2004/euroc_imudb/dev_imudb_2024-08-31T18:45:00.695707-07:00/hparams.yaml,bug fix use raw and pred for nsp, weight denoise loss with 10
447ca04edab042d39f3bb1468063d4e6,jiab760gubuntu2004,dev_imudb_2024-09-01T05:15:06.475504-07:00,euroc_imudb,logs_jiab760gubuntu2004/euroc_imudb/dev_imudb_2024-09-01T05:15:06.475504-07:00/hparams.yaml,bug fix use raw and pred for nsp, weight denoise loss with 10
8c0ea2aa1bc44ca58a111385c240b528,jiab760gubuntu2004,dev_imudb_2024-09-01T05:18:43.573648-07:00,euroc_imudb,logs_jiab760gubuntu2004/euroc_imudb/dev_imudb_2024-09-01T05:18:43.573648-07:00/hparams.yaml,bug fix use raw and pred for nsp, weight denoise loss with 10
5ac660c3c262457b9976a70b6edf05c4,jiab760gubuntu2004,dev_imudb_2024-09-01T05:20:12.630746-07:00,euroc_imudb,logs_jiab760gubuntu2004/euroc_imudb/dev_imudb_2024-09-01T05:20:12.630746-07:00/hparams.yaml,bug fix use raw and pred for nsp, weight denoise loss with 10
93505a1b434946fe879505b52e3c53a4,jiab760gubuntu2004,dev_imudb_2024-09-01T05:21:11.876774-07:00,euroc_imudb,logs_jiab760gubuntu2004/euroc_imudb/dev_imudb_2024-09-01T05:21:11.876774-07:00/hparams.yaml,bug fix use raw and pred for nsp, weight denoise loss with 10
b23576929b224fa193c5d5fe4b53e65c,jiab760gubuntu2004,dev_imudb_2024-09-01T05:21:42.001852-07:00,euroc_imudb,logs_jiab760gubuntu2004/euroc_imudb/dev_imudb_2024-09-01T05:21:42.001852-07:00/hparams.yaml,bug fix use raw and pred for nsp, weight denoise loss with 10
09c80079084f470e986de953e5d4bb06,jiab760gubuntu2004,dev_imudb_2024-09-01T06:06:51.491753-07:00,euroc_imudb,logs_jiab760gubuntu2004/euroc_imudb/dev_imudb_2024-09-01T06:06:51.491753-07:00/hparams.yaml,bug fix use raw and pred for nsp, weight denoise loss with 10
b857c4bdfa5b41a7b8b5e454c10962a4,jiab760gubuntu2004,dev_imudb_2024-09-01T06:20:42.669162-07:00,euroc_imudb,logs_jiab760gubuntu2004/euroc_imudb/dev_imudb_2024-09-01T06:20:42.669162-07:00/hparams.yaml,bug fix use raw and pred for nsp, weight denoise loss with 10
46683da2eb754044bc3952aa587a2f6f,jiab760gubuntu2004,dev_imudb_2024-09-01T06:41:04.131711-07:00,euroc_imudb,logs_jiab760gubuntu2004/euroc_imudb/dev_imudb_2024-09-01T06:41:04.131711-07:00/hparams.yaml,bug fix use raw and pred for nsp, weight denoise loss with 10
c20260a0ea264517b80b754d328eead2,jiab760gubuntu2004,dev_imudb_2024-09-01T06:41:54.231621-07:00,euroc_imudb,logs_jiab760gubuntu2004/euroc_imudb/dev_imudb_2024-09-01T06:41:54.231621-07:00/hparams.yaml,bug fix use raw and pred for nsp, weight denoise loss with 10
ea64b35dd1824dd4963359173d3ba1ac,jiab760gubuntu2004,dev_imudb_2024-09-01T06:42:11.277381-07:00,euroc_imudb,logs_jiab760gubuntu2004/euroc_imudb/dev_imudb_2024-09-01T06:42:11.277381-07:00/hparams.yaml,bug fix use raw and pred for nsp, weight denoise loss with 10
d0c2ba897929400b8ce3f72eb7db6319,jiab760gubuntu2004,dev_imudb_2024-09-01T09:53:46.763410-07:00,euroc_imudb,logs_jiab760gubuntu2004/euroc_imudb/dev_imudb_2024-09-01T09:53:46.763410-07:00/hparams.yaml,bug fix use raw and pred for nsp, weight denoise loss with 10
3141a313fe50424691287e3bddcedf52,jiab760gubuntu2004,dev_imudb_2024-09-01T10:00:42.055982-07:00,euroc_imudb,logs_jiab760gubuntu2004/euroc_imudb/dev_imudb_2024-09-01T10:00:42.055982-07:00/hparams.yaml,bug fix use raw and pred for nsp, weight denoise loss with 10
bbbf36d31bc949c0b021ffbd5b83ea80,jiab760gubuntu2004,dev_imudb_2024-09-01T10:03:47.660274-07:00,euroc_imudb,logs_jiab760gubuntu2004/euroc_imudb/dev_imudb_2024-09-01T10:03:47.660274-07:00/hparams.yaml,bug fix use raw and pred for nsp, weight denoise loss with 10
8749f45f4884486ea75752ca398d2c31,jiab760gubuntu2004,dev_imudb_2024-09-01T10:04:56.328401-07:00,euroc_imudb,logs_jiab760gubuntu2004/euroc_imudb/dev_imudb_2024-09-01T10:04:56.328401-07:00/hparams.yaml,bug fix use raw and pred for nsp, weight denoise loss with 10
3749fc0e97ff4e8894449fbd082e73e1,jiab760gubuntu2004,dev_imudb_2024-09-01T10:05:59.077585-07:00,euroc_imudb,logs_jiab760gubuntu2004/euroc_imudb/dev_imudb_2024-09-01T10:05:59.077585-07:00/hparams.yaml,bug fix use raw and pred for nsp, weight denoise loss with 10
a85e008a664e41c9874682cd5cd77ba6,jiab760gubuntu2004,dev_imudb_2024-09-01T11:12:19.430853-07:00,euroc_imudb,logs_jiab760gubuntu2004/euroc_imudb/dev_imudb_2024-09-01T11:12:19.430853-07:00/hparams.yaml,bug fix use raw and pred for nsp, weight denoise loss with 10
46180a6d3ee44445bf70e0d966922a5b,jiab760gubuntu2004,dev_imudb_2024-09-01T11:13:17.586369-07:00,euroc_imudb,logs_jiab760gubuntu2004/euroc_imudb/dev_imudb_2024-09-01T11:13:17.586369-07:00/hparams.yaml,bug fix use raw and pred for nsp, weight denoise loss with 10
1dfe6fc15c914940aaeeafb97e12ce87,jiab760gubuntu2004,dev_imudb_2024-09-01T11:14:07.789163-07:00,euroc_imudb,logs_jiab760gubuntu2004/euroc_imudb/dev_imudb_2024-09-01T11:14:07.789163-07:00/hparams.yaml,bug fix use raw and pred for nsp, weight denoise loss with 10
900e751a21824a6e97262a1ae6b068e9,jiab760gubuntu2004,dev_imudb_2024-09-01T11:15:37.888089-07:00,euroc_imudb,logs_jiab760gubuntu2004/euroc_imudb/dev_imudb_2024-09-01T11:15:37.888089-07:00/hparams.yaml,bug fix use raw and pred for nsp, weight denoise loss with 10
ea2e5b34097e45bc821ae94d596ff731,jiab760gubuntu2004,dev_imudb_2024-09-01T14:20:28.154991-07:00,euroc_imudb,logs_jiab760gubuntu2004/euroc_imudb/dev_imudb_2024-09-01T14:20:28.154991-07:00/hparams.yaml,bug fix use raw and pred for nsp, weight denoise loss with 10
35259570825a43e6a534931daa4d5deb,jiab760gubuntu2004,dev_imudb_2024-09-01T14:21:28.137426-07:00,euroc_imudb,logs_jiab760gubuntu2004/euroc_imudb/dev_imudb_2024-09-01T14:21:28.137426-07:00/hparams.yaml,bug fix use raw and pred for nsp, weight denoise loss with 10
101f942bbc264effa6cc39a6352b18fc,jiab760gubuntu2004,dev_imudb_2024-09-01T14:23:23.102695-07:00,euroc_imudb,logs_jiab760gubuntu2004/euroc_imudb/dev_imudb_2024-09-01T14:23:23.102695-07:00/hparams.yaml,bug fix use raw and pred for nsp, weight denoise loss with 10
ecd45f5c86f54f88b607cf511b949ad9,jiab760gubuntu2004,dev_imudb_2024-09-01T21:36:59.225296-07:00,euroc_imudb,logs_jiab760gubuntu2004/euroc_imudb/dev_imudb_2024-09-01T21:36:59.225296-07:00/hparams.yaml,bug fix use raw and pred for nsp, weight denoise loss with 10
3b7da6255c204cf3aca1fd6070057410,jiab760gubuntu2004,dev_imudb_2024-09-01T21:45:53.277630-07:00,euroc_imudb,logs_jiab760gubuntu2004/euroc_imudb/dev_imudb_2024-09-01T21:45:53.277630-07:00/hparams.yaml,bug fix use raw and pred for nsp, weight denoise loss with 10
9a1549489c9b49ef9b3b61b9fd6325d7,jiab760gubuntu2004,dev_imudb_2024-09-01T21:47:39.743813-07:00,euroc_imudb,logs_jiab760gubuntu2004/euroc_imudb/dev_imudb_2024-09-01T21:47:39.743813-07:00/hparams.yaml,bug fix use raw and pred for nsp, weight denoise loss with 10
4b4657e51dc24fe3a536900544964c0d,jiab760gubuntu2004,dev_imudb_2024-09-01T21:58:13.745370-07:00,euroc_imudb,logs_jiab760gubuntu2004/euroc_imudb/dev_imudb_2024-09-01T21:58:13.745370-07:00/hparams.yaml,bug fix use raw and pred for nsp, weight denoise loss with 10
d3a961ee9ee04b018b1d813557a6f51e,jiab760gubuntu2004,dev_imudb_2024-09-01T22:02:21.051160-07:00,euroc_imudb,logs_jiab760gubuntu2004/euroc_imudb/dev_imudb_2024-09-01T22:02:21.051160-07:00/hparams.yaml,bug fix use raw and pred for nsp, weight denoise loss with 10
c57d0c9f0cbf490dace87f0b53220067,jiab760gubuntu2004,dev_imudb_2024-09-01T22:07:42.408734-07:00,euroc_imudb,logs_jiab760gubuntu2004/euroc_imudb/dev_imudb_2024-09-01T22:07:42.408734-07:00/hparams.yaml,bug fix use raw and pred for nsp, weight denoise loss with 10
c0fe21dd40374f60ac6fefa097aad71f,jiab760gubuntu2004,dev_imudb_2024-09-01T22:08:59.865157-07:00,euroc_imudb,logs_jiab760gubuntu2004/euroc_imudb/dev_imudb_2024-09-01T22:08:59.865157-07:00/hparams.yaml,bug fix use raw and pred for nsp, weight denoise loss with 10
ad831f9869134ad3b7b7c6484bd18049,jiab760gubuntu2004,dev_imudb_2024-09-01T22:10:32.782122-07:00,euroc_imudb,logs_jiab760gubuntu2004/euroc_imudb/dev_imudb_2024-09-01T22:10:32.782122-07:00/hparams.yaml,bug fix use raw and pred for nsp, weight denoise loss with 10
e33a1de8b4014cb38747287d3d713316,jiab760gubuntu2004,dev_imudb_2024-09-01T22:13:13.507499-07:00,euroc_imudb,logs_jiab760gubuntu2004/euroc_imudb/dev_imudb_2024-09-01T22:13:13.507499-07:00/hparams.yaml,bug fix use raw and pred for nsp, weight denoise loss with 10
dfb9de4d1e9d4157b51e6be85a87f867,jiab760gubuntu2004,dev_imudb_2024-09-01T22:20:34.036534-07:00,euroc_imudb,logs_jiab760gubuntu2004/euroc_imudb/dev_imudb_2024-09-01T22:20:34.036534-07:00/hparams.yaml,bug fix use raw and pred for nsp, weight denoise loss with 10
4e3e147e7dbb49279734f6c82b65dc73,jiab760gubuntu2004,dev_imudb_2024-09-01T22:28:40.804656-07:00,euroc_imudb,logs_jiab760gubuntu2004/euroc_imudb/dev_imudb_2024-09-01T22:28:40.804656-07:00/hparams.yaml,bug fix use raw and pred for nsp, weight denoise loss with 10
14b38b01f91146b0a440b8512862f44e,jiab760gubuntu2004,dev_imudb_2024-09-01T22:39:11.305960-07:00,euroc_imudb,logs_jiab760gubuntu2004/euroc_imudb/dev_imudb_2024-09-01T22:39:11.305960-07:00/hparams.yaml,bug fix use raw and pred for nsp, weight denoise loss with 10
2b0f9e36cd904056bd6baed8ea5b978d,jiab760gubuntu2004,dev_imudb_2024-09-01T22:50:06.166219-07:00,euroc_imudb,logs_jiab760gubuntu2004/euroc_imudb/dev_imudb_2024-09-01T22:50:06.166219-07:00/hparams.yaml,bug fix use raw and pred for nsp, weight denoise loss with 10
a25a132cb05f438bb74074e8a18ac0f9,jiab760gubuntu2004,dev_imudb_2024-09-01T22:53:56.826735-07:00,euroc_imudb,logs_jiab760gubuntu2004/euroc_imudb/dev_imudb_2024-09-01T22:53:56.826735-07:00/hparams.yaml,bug fix use raw and pred for nsp, weight denoise loss with 10
5f4a9a996f5546238c961261ab65f32b,jiab760gubuntu2004,dev_imudb_2024-09-01T22:54:55.087427-07:00,euroc_imudb,logs_jiab760gubuntu2004/euroc_imudb/dev_imudb_2024-09-01T22:54:55.087427-07:00/hparams.yaml,bug fix use raw and pred for nsp, weight denoise loss with 10
0ff921fe27834238aa1a7e8664548344,jiab760gubuntu2004,dev_imudb_2024-09-01T22:56:50.753543-07:00,euroc_imudb,logs_jiab760gubuntu2004/euroc_imudb/dev_imudb_2024-09-01T22:56:50.753543-07:00/hparams.yaml,bug fix use raw and pred for nsp, weight denoise loss with 10
990478b83c2f4b98916e10db734b735a,jiab760gubuntu2004,dev_imudb_2024-09-01T23:05:43.478240-07:00,euroc_imudb,logs_jiab760gubuntu2004/euroc_imudb/dev_imudb_2024-09-01T23:05:43.478240-07:00/hparams.yaml,bug fix use raw and pred for nsp, weight denoise loss with 10
d318d76f8e62461091ee5510104f7922,jiab760gubuntu2004,dev_imudb_2024-09-01T23:07:04.699158-07:00,euroc_imudb,logs_jiab760gubuntu2004/euroc_imudb/dev_imudb_2024-09-01T23:07:04.699158-07:00/hparams.yaml,bug fix use raw and pred for nsp, weight denoise loss with 10
ea91a1e953464e9c9485b7e16a1b073a,jiab760gubuntu2004,dev_imudb_2024-09-02T03:27:47.749711-07:00,euroc_imudb,logs_jiab760gubuntu2004/euroc_imudb/dev_imudb_2024-09-02T03:27:47.749711-07:00/hparams.yaml,bug fix use raw and pred for nsp, weight denoise loss with 10
84da16af664f49deb4333654d5f33f84,jiab760gubuntu2004,dev_imudb_2024-09-02T03:28:45.329491-07:00,euroc_imudb,logs_jiab760gubuntu2004/euroc_imudb/dev_imudb_2024-09-02T03:28:45.329491-07:00/hparams.yaml,bug fix use raw and pred for nsp, weight denoise loss with 10
95a2946d309b4597ac4f4dcd865a5dc1,jiab760gubuntu2004,dev_imudb_2024-09-02T03:29:47.086451-07:00,euroc_imudb,logs_jiab760gubuntu2004/euroc_imudb/dev_imudb_2024-09-02T03:29:47.086451-07:00/hparams.yaml,bug fix use raw and pred for nsp, weight denoise loss with 10
6067b7edb76140069257dbdedadbc74f,jiab760gubuntu2004,dev_imudb_2024-09-02T03:34:09.567022-07:00,euroc_imudb,logs_jiab760gubuntu2004/euroc_imudb/dev_imudb_2024-09-02T03:34:09.567022-07:00/hparams.yaml,bug fix use raw and pred for nsp, weight denoise loss with 10
4a70a400b78f4a06b71b56045a5682c1,jiab760gubuntu2004,dev_imudb_2024-09-02T03:35:33.201150-07:00,euroc_imudb,logs_jiab760gubuntu2004/euroc_imudb/dev_imudb_2024-09-02T03:35:33.201150-07:00/hparams.yaml,bug fix use raw and pred for nsp, weight denoise loss with 10
eb8093f4f2f74914bacd56a8d20233cb,jiab760gubuntu2004,dev_imudb_2024-09-02T04:14:45.110425-07:00,euroc_imudb,logs_jiab760gubuntu2004/euroc_imudb/dev_imudb_2024-09-02T04:14:45.110425-07:00/hparams.yaml,bug fix use raw and pred for nsp, weight denoise loss with 10
8eb525444aee4a52b111aa8481ad095f,jiab760gubuntu2004,dev_imudb_2024-09-02T04:17:11.435348-07:00,euroc_imudb,logs_jiab760gubuntu2004/euroc_imudb/dev_imudb_2024-09-02T04:17:11.435348-07:00/hparams.yaml,bug fix use raw and pred for nsp, weight denoise loss with 10
3bd93e95339c47cd9192029f0318ce28,jiab760gubuntu2004,dev_imudb_2024-09-02T04:19:21.738263-07:00,euroc_imudb,logs_jiab760gubuntu2004/euroc_imudb/dev_imudb_2024-09-02T04:19:21.738263-07:00/hparams.yaml,bug fix use raw and pred for nsp, weight denoise loss with 10
e122680b062f48338e5c572c721e7ce5,jiab760gubuntu2004,dev_imudb_2024-09-02T04:26:05.860963-07:00,euroc_imudb,logs_jiab760gubuntu2004/euroc_imudb/dev_imudb_2024-09-02T04:26:05.860963-07:00/hparams.yaml,bug fix use raw and pred for nsp, weight denoise loss with 10
be4daac096c247d983f2e1899c0d7072,jiab760gubuntu2004,dev_imudb_2024-09-02T04:32:55.129767-07:00,euroc_imudb,logs_jiab760gubuntu2004/euroc_imudb/dev_imudb_2024-09-02T04:32:55.129767-07:00/hparams.yaml,bug fix use raw and pred for nsp, weight denoise loss with 10
75de4ddf0c4140e9823760f2f72f463b,jiab760gubuntu2004,dev_imudb_2024-09-02T04:44:51.343342-07:00,euroc_imudb,logs_jiab760gubuntu2004/euroc_imudb/dev_imudb_2024-09-02T04:44:51.343342-07:00/hparams.yaml,bug fix use raw and pred for nsp, weight denoise loss with 10
078df92901af48c0906cd4f0ce14ba7c,jiab760gubuntu2004,dev_imudb_2024-09-02T04:55:39.434569-07:00,euroc_imudb,logs_jiab760gubuntu2004/euroc_imudb/dev_imudb_2024-09-02T04:55:39.434569-07:00/hparams.yaml,bug fix use raw and pred for nsp, weight denoise loss with 10
